"Project","ScanDate","DependencyName","DependencyPath","Description","License","Md5","Sha1","Identifiers","CPE","CVE","CWE","Vulnerability","Source","CVSSv2_Severity","CVSSv2_Score","CVSSv2","CVSSv3_BaseSeverity","CVSSv3_BaseScore","CVSSv3","CVSSv4_BaseSeverity","CVSSv4_BaseScore","CVSSv4","CPE Confidence","Evidence Count","VendorProject","Product","Name","DateAdded","ShortDescription","RequiredAction","DueDate","Notes"
customer-service,"Fri, 26 Dec 2025 14:11:08 +0100",angus-activation-2.0.1.jar,/home/srozange/.m2/repository/org/eclipse/angus/angus-activation/2.0.1/angus-activation-2.0.1.jar,Implementation,http://www.eclipse.org/org/documents/edl-v10.php,9a66564224140488f83f645ac32d4169,eaafaf4eb71b400e4136fc3a286f50e34a68ecb7,pkg:maven/org.eclipse.angus/angus-activation@2.0.1,cpe:2.3:a:eclipse:jakarta_mail:2.0.1:*:*:*:*:*:*:*,CVE-2025-7962,CWE-147 Improper Neutralization of Input Terminators,In Jakarta Mail 2.0.2 it is possible to preform a SMTP Injection by utilizing the \r and \n UTF-8 characters to separate different messages.,NVD,"","","",HIGH,7.5,CVSS:3.1/AV:N/AC:L/PR:N/UI:N/S:U/C:N/I:H/A:N/E:3.9/RC:R/MAV:A,MEDIUM,6.0,CVSS:4.0/AV:N/AC:H/AT:N/PR:L/UI:N/VC:N/VI:H/VA:N/SC:N/SI:L/SA:N/E:X/CR:X/IR:X/AR:X/MAV:X/MAC:X/MAT:X/MPR:X/MUI:X/MVC:X/MVI:X/MVA:X/MSC:X/MSI:X/MSA:X/S:X/AU:X/R:N/V:X/RE:X/U:X,HIGH,35,"","","","","","","",""
customer-service,"Fri, 26 Dec 2025 14:11:08 +0100",commons-lang3-3.12.0.jar,/home/srozange/.m2/repository/org/apache/commons/commons-lang3/3.12.0/commons-lang3-3.12.0.jar,"Apache Commons Lang, a package of Java utility classes for the   classes that are in java.lang's hierarchy, or are considered to be so   standard as to justify existence in java.lang.",https://www.apache.org/licenses/LICENSE-2.0.txt,19fe50567358922bdad277959ea69545,c6842c86792ff03b9f1d1fe2aab8dc23aa6c6f0e,pkg:maven/org.apache.commons/commons-lang3@3.12.0,cpe:2.3:a:apache:commons_lang:3.12.0:*:*:*:*:*:*:*,CVE-2025-48924,CWE-674 Uncontrolled Recursion,"Uncontrolled Recursion vulnerability in Apache Commons Lang.  This issue affects Apache Commons Lang: Starting with commons-lang:commons-lang 2.0 to 2.6, and, from org.apache.commons:commons-lang3 3.0 before 3.18.0.  The methods ClassUtils.getClass(...) can throw StackOverflowError on very long inputs. Because an Error is usually not handled by applications and libraries, a  StackOverflowError could cause an application to stop.  Users are recommended to upgrade to version 3.18.0, which fixes the issue.",NVD,"","","",MEDIUM,5.3,CVSS:3.1/AV:N/AC:L/PR:N/UI:N/S:U/C:N/I:N/A:L/E:3.9/RC:R/MAV:A,"","","",HIGH,139,"","","","","","","",""
customer-service,"Fri, 26 Dec 2025 14:11:08 +0100",h2-2.1.214.jar,/home/srozange/.m2/repository/com/h2database/h2/2.1.214/h2-2.1.214.jar,H2 Database Engine,MPL 2.0: https://www.mozilla.org/en-US/MPL/2.0/ EPL 1.0: https://opensource.org/licenses/eclipse-1.0.php,93628fb706e682dd989f697394039025,d5c2005c9e3279201e12d4776c948578b16bf8b2,pkg:maven/com.h2database/h2@2.1.214,cpe:2.3:a:h2database:h2:2.1.214:*:*:*:*:*:*:*,CVE-2022-45868,CWE-312 Cleartext Storage of Sensitive Information,"The web-based admin console in H2 Database Engine before 2.2.220 can be started via the CLI with the argument -webAdminPassword, which allows the user to specify the password in cleartext for the web admin console. Consequently, a local user (or an attacker that has obtained local access through some means) would be able to discover the password by listing processes and their arguments. NOTE: the vendor states ""This is not a vulnerability of H2 Console ... Passwords should never be passed on the command line and every qualified DBA or system administrator is expected to know that."" Nonetheless, the issue was fixed in 2.2.220.",NVD,"","","",HIGH,7.8,CVSS:3.1/AV:L/AC:L/PR:L/UI:N/S:U/C:H/I:H/A:H/E:1.8/RC:R/MAV:A,"","","",HIGH,44,"","","","","","","",""
customer-service,"Fri, 26 Dec 2025 14:11:08 +0100",jackson-databind-2.15.2.jar,/home/srozange/.m2/repository/com/fasterxml/jackson/core/jackson-databind/2.15.2/jackson-databind-2.15.2.jar,General data-binding functionality for Jackson: works on core streaming API,"The Apache Software License, Version 2.0: https://www.apache.org/licenses/LICENSE-2.0.txt",20ac0d0526a456274409fa852eb74087,9353b021f10c307c00328f52090de2bdb4b6ff9c,pkg:maven/com.fasterxml.jackson.core/jackson-databind@2.15.2,"cpe:2.3:a:fasterxml:jackson-databind:2.15.2:*:*:*:*:*:*:*, cpe:2.3:a:fasterxml:jackson-modules-java8:2.15.2:*:*:*:*:*:*:*",CVE-2023-35116,CWE-770 Allocation of Resources Without Limits or Throttling,"jackson-databind through 2.15.2 allows attackers to cause a denial of service or other unspecified impact via a crafted object that uses cyclic dependencies. NOTE: the vendor's perspective is that this is not a valid vulnerability report, because the steps of constructing a cyclic data structure and trying to serialize it cannot be achieved by an external attacker.",NVD,"","","",MEDIUM,4.7,CVSS:3.1/AV:L/AC:H/PR:L/UI:N/S:U/C:N/I:N/A:H/E:1.0/RC:R/MAV:A,"","","",HIGH,41,"","","","","","","",""
customer-service,"Fri, 26 Dec 2025 14:11:08 +0100",logback-core-1.4.8.jar,/home/srozange/.m2/repository/ch/qos/logback/logback-core/1.4.8/logback-core-1.4.8.jar,logback-core module,"http://www.eclipse.org/legal/epl-v10.html, http://www.gnu.org/licenses/old-licenses/lgpl-2.1.html",b45855e7af9196f7fb92fddab4493dac,3fba9c105e0efc5ffdcda701379687917d5286f7,pkg:maven/ch.qos.logback/logback-core@1.4.8,cpe:2.3:a:qos:logback:1.4.8:*:*:*:*:*:*:*,CVE-2023-6378,CWE-502 Deserialization of Untrusted Data,A serialization vulnerability in logback receiver component part of  logback version 1.4.11 allows an attacker to mount a Denial-Of-Service  attack by sending poisoned data.,NVD,"","","",HIGH,7.5,CVSS:3.1/AV:N/AC:L/PR:N/UI:N/S:U/C:N/I:N/A:H/E:3.9/RC:R/MAV:A,"","","",HIGH,36,"","","","","","","",""
customer-service,"Fri, 26 Dec 2025 14:11:08 +0100",postgresql-42.6.0.jar,/home/srozange/.m2/repository/org/postgresql/postgresql/42.6.0/postgresql-42.6.0.jar,PostgreSQL JDBC Driver Postgresql,BSD-2-Clause: https://jdbc.postgresql.org/about/license.html,527f2c51d65f6a78d6548c51a35556aa,7614cfce466145b84972781ab0079b8dea49e363,pkg:maven/org.postgresql/postgresql@42.6.0,cpe:2.3:a:postgresql:postgresql_jdbc_driver:42.6.0:*:*:*:*:*:*:*,CVE-2024-1597,CWE-89 Improper Neutralization of Special Elements used in an SQL Command ('SQL Injection'),"pgjdbc, the PostgreSQL JDBC Driver, allows attacker to inject SQL if using PreferQueryMode=SIMPLE. Note this is not the default. In the default mode there is no vulnerability. A placeholder for a numeric value must be immediately preceded by a minus. There must be a second placeholder for a string value after the first placeholder; both must be on the same line. By constructing a matching string payload, the attacker can inject SQL to alter the query,bypassing the protections that parameterized queries bring against SQL Injection attacks. Versions before 42.7.2, 42.6.1, 42.5.5, 42.4.4, 42.3.9, and 42.2.28 are affected.",NVD,"","","",CRITICAL,9.8,CVSS:3.1/AV:N/AC:L/PR:N/UI:N/S:U/C:H/I:H/A:H/E:3.9/RC:R/MAV:A,"","","",HIGH,68,"","","","","","","",""
customer-service,"Fri, 26 Dec 2025 14:11:08 +0100",snakeyaml-1.33.jar,/home/srozange/.m2/repository/org/yaml/snakeyaml/1.33/snakeyaml-1.33.jar,YAML 1.1 parser and emitter for Java,"Apache License, Version 2.0: http://www.apache.org/licenses/LICENSE-2.0.txt",e0164a637c691c8cf01d29f90a709c02,2cd0a87ff7df953f810c344bdf2fe3340b954c69,pkg:maven/org.yaml/snakeyaml@1.33,cpe:2.3:a:snakeyaml_project:snakeyaml:1.33:*:*:*:*:*:*:*,CVE-2022-1471,"CWE-502 Deserialization of Untrusted Data, CWE-20 Improper Input Validation",SnakeYaml's Constructor() class does not restrict types which can be instantiated during deserialization. Deserializing yaml content provided by an attacker can lead to remote code execution. We recommend using SnakeYaml's SafeConsturctor when parsing untrusted content to restrict deserialization. We recommend upgrading to version 2.0 and beyond.,NVD,"","","",CRITICAL,9.8,CVSS:3.1/AV:N/AC:L/PR:N/UI:N/S:U/C:H/I:H/A:H/E:3.9/RC:R/MAV:A,"","","",HIGH,40,"","","","","","","",""
customer-service,"Fri, 26 Dec 2025 14:11:08 +0100",spring-boot-3.1.2.jar,/home/srozange/.m2/repository/org/springframework/boot/spring-boot/3.1.2/spring-boot-3.1.2.jar,Spring Boot,"Apache License, Version 2.0: https://www.apache.org/licenses/LICENSE-2.0",d3a34115f26de452c86edcba4373b887,3cf070561716277ec91ebadc07362dd0b4a9f63f,pkg:maven/org.springframework.boot/spring-boot@3.1.2,cpe:2.3:a:vmware:spring_boot:3.1.2:*:*:*:*:*:*:*,CVE-2023-34055,NVD-CWE-noinfo,"In Spring Boot versions 2.7.0 - 2.7.17, 3.0.0-3.0.12 and 3.1.0-3.1.5, it is possible for a user to provide specially crafted HTTP requests that may cause a denial-of-service (DoS) condition.  Specifically, an application is vulnerable when all of the following are true:    *  the application uses Spring MVC or Spring WebFlux   *  org.springframework.boot:spring-boot-actuator is on the classpath",NVD,"","","",MEDIUM,6.5,CVSS:3.1/AV:N/AC:L/PR:L/UI:N/S:U/C:N/I:N/A:H/E:2.8/RC:R/MAV:A,"","","",HIGH,38,"","","","","","","",""
customer-service,"Fri, 26 Dec 2025 14:11:08 +0100",spring-core-6.0.11.jar,/home/srozange/.m2/repository/org/springframework/spring-core/6.0.11/spring-core-6.0.11.jar,Spring Core,"Apache License, Version 2.0: https://www.apache.org/licenses/LICENSE-2.0",73f4a362b3e7515bbaec48f88770716a,87834b5cf95c6fa28f5bdf8a85e0daf0bff918a8,pkg:maven/org.springframework/spring-core@6.0.11,"cpe:2.3:a:pivotal_software:spring_framework:6.0.11:*:*:*:*:*:*:*, cpe:2.3:a:springsource:spring_framework:6.0.11:*:*:*:*:*:*:*, cpe:2.3:a:vmware:spring_framework:6.0.11:*:*:*:*:*:*:*",CVE-2024-22259,CWE-601 URL Redirection to Untrusted Site ('Open Redirect'),"Applications that use UriComponentsBuilder in Spring Framework to parse an externally provided URL (e.g. through a query parameter) AND perform validation checks on the host of the parsed URL may be vulnerable to a  open redirect https://cwe.mitre.org/data/definitions/601.html  attack or to a SSRF attack if the URL is used after passing validation checks.  This is the same as  CVE-2024-22243 https://spring.io/security/cve-2024-22243 , but with different input.",NVD,"","","",HIGH,8.1,CVSS:3.1/AV:N/AC:L/PR:N/UI:R/S:U/C:H/I:H/A:N/E:2.8/RC:R/MAV:A,"","","",HIGH,37,"","","","","","","",""
customer-service,"Fri, 26 Dec 2025 14:11:08 +0100",spring-core-6.0.11.jar,/home/srozange/.m2/repository/org/springframework/spring-core/6.0.11/spring-core-6.0.11.jar,Spring Core,"Apache License, Version 2.0: https://www.apache.org/licenses/LICENSE-2.0",73f4a362b3e7515bbaec48f88770716a,87834b5cf95c6fa28f5bdf8a85e0daf0bff918a8,pkg:maven/org.springframework/spring-core@6.0.11,"cpe:2.3:a:pivotal_software:spring_framework:6.0.11:*:*:*:*:*:*:*, cpe:2.3:a:springsource:spring_framework:6.0.11:*:*:*:*:*:*:*, cpe:2.3:a:vmware:spring_framework:6.0.11:*:*:*:*:*:*:*",CVE-2023-34053,NVD-CWE-noinfo,"In Spring Framework versions 6.0.0 - 6.0.13, it is possible for a user to provide specially crafted HTTP requests that may cause a denial-of-service (DoS) condition.  Specifically, an application is vulnerable when all of the following are true:    *  the application uses Spring MVC or Spring WebFlux   *  io.micrometer:micrometer-core is on the classpath   *  an ObservationRegistry is configured in the application to record observations   Typically, Spring Boot applications need the org.springframework.boot:spring-boot-actuator dependency to meet all conditions.",NVD,"","","",HIGH,7.5,CVSS:3.1/AV:N/AC:L/PR:N/UI:N/S:U/C:N/I:N/A:H/E:3.9/RC:R/MAV:A,"","","",HIGH,37,"","","","","","","",""
customer-service,"Fri, 26 Dec 2025 14:11:08 +0100",spring-core-6.0.11.jar,/home/srozange/.m2/repository/org/springframework/spring-core/6.0.11/spring-core-6.0.11.jar,Spring Core,"Apache License, Version 2.0: https://www.apache.org/licenses/LICENSE-2.0",73f4a362b3e7515bbaec48f88770716a,87834b5cf95c6fa28f5bdf8a85e0daf0bff918a8,pkg:maven/org.springframework/spring-core@6.0.11,"cpe:2.3:a:pivotal_software:spring_framework:6.0.11:*:*:*:*:*:*:*, cpe:2.3:a:springsource:spring_framework:6.0.11:*:*:*:*:*:*:*, cpe:2.3:a:vmware:spring_framework:6.0.11:*:*:*:*:*:*:*",CVE-2024-38820,"NVD-CWE-noinfo, CWE-178 Improper Handling of Case Sensitivity","The fix for CVE-2022-22968 made disallowedFields patterns in DataBinder case insensitive. However, String.toLowerCase() has some Locale dependent exceptions that could potentially result in fields not protected as expected.",NVD,"","","",MEDIUM,5.3,CVSS:3.1/AV:N/AC:L/PR:N/UI:N/S:U/C:N/I:L/A:N/E:3.9/RC:R/MAV:A,"","","",HIGH,37,"","","","","","","",""
customer-service,"Fri, 26 Dec 2025 14:11:08 +0100",tomcat-embed-core-10.1.11.jar,/home/srozange/.m2/repository/org/apache/tomcat/embed/tomcat-embed-core/10.1.11/tomcat-embed-core-10.1.11.jar,Core Tomcat implementation,"Apache License, Version 2.0: http://www.apache.org/licenses/LICENSE-2.0.txt",08479066cdc202b764405b21e5491a6d,9d1ba230cbe0dfb410b0beba102eff20e14793a1,pkg:maven/org.apache.tomcat.embed/tomcat-embed-core@10.1.11,"cpe:2.3:a:apache:tomcat:10.1.11:*:*:*:*:*:*:*, cpe:2.3:a:apache_tomcat:apache_tomcat:10.1.11:*:*:*:*:*:*:*",CVE-2024-50379,CWE-367 Time-of-check Time-of-use (TOCTOU) Race Condition,"Time-of-check Time-of-use (TOCTOU) Race Condition vulnerability during JSP compilation in Apache Tomcat permits an RCE on case insensitive file systems when the default servlet is enabled for write (non-default configuration).  This issue affects Apache Tomcat: from 11.0.0-M1 through 11.0.1, from 10.1.0-M1 through 10.1.33, from 9.0.0.M1 through 9.0.97.  The following versions were EOL at the time the CVE was created but are  known to be affected: 8.5.0 though 8.5.100. Other, older, EOL versions may also be affected.  Users are recommended to upgrade to version 11.0.2, 10.1.34 or 9.0.98, which fixes the issue.",NVD,"","","",CRITICAL,9.8,CVSS:3.1/AV:N/AC:L/PR:N/UI:N/S:U/C:H/I:H/A:H/E:3.9/RC:R/MAV:A,"","","",HIGH,63,"","","","","","","",""
customer-service,"Fri, 26 Dec 2025 14:11:08 +0100",tomcat-embed-core-10.1.11.jar,/home/srozange/.m2/repository/org/apache/tomcat/embed/tomcat-embed-core/10.1.11/tomcat-embed-core-10.1.11.jar,Core Tomcat implementation,"Apache License, Version 2.0: http://www.apache.org/licenses/LICENSE-2.0.txt",08479066cdc202b764405b21e5491a6d,9d1ba230cbe0dfb410b0beba102eff20e14793a1,pkg:maven/org.apache.tomcat.embed/tomcat-embed-core@10.1.11,"cpe:2.3:a:apache:tomcat:10.1.11:*:*:*:*:*:*:*, cpe:2.3:a:apache_tomcat:apache_tomcat:10.1.11:*:*:*:*:*:*:*",CVE-2024-52316,"CWE-754 Improper Check for Unusual or Exceptional Conditions, CWE-391 Unchecked Error Condition","Unchecked Error Condition vulnerability in Apache Tomcat. If Tomcat is configured to use a custom Jakarta Authentication (formerly JASPIC) ServerAuthContext component which may throw an exception during the authentication process without explicitly setting an HTTP status to indicate failure, the authentication may not fail, allowing the user to bypass the authentication process. There are no known Jakarta Authentication components that behave in this way.  This issue affects Apache Tomcat: from 11.0.0-M1 through 11.0.0-M26, from 10.1.0-M1 through 10.1.30, from 9.0.0-M1 through 9.0.95.  The following versions were EOL at the time the CVE was created but are  known to be affected: 8.5.0 though 8.5.100. Other EOL versions may also be affected.   Users are recommended to upgrade to version 11.0.0, 10.1.31 or 9.0.96, which fix the issue.",NVD,"","","",CRITICAL,9.8,CVSS:3.1/AV:N/AC:L/PR:N/UI:N/S:U/C:H/I:H/A:H/E:3.9/RC:R/MAV:A,"","","",HIGH,63,"","","","","","","",""
customer-service,"Fri, 26 Dec 2025 14:11:08 +0100",tomcat-embed-core-10.1.11.jar,/home/srozange/.m2/repository/org/apache/tomcat/embed/tomcat-embed-core/10.1.11/tomcat-embed-core-10.1.11.jar,Core Tomcat implementation,"Apache License, Version 2.0: http://www.apache.org/licenses/LICENSE-2.0.txt",08479066cdc202b764405b21e5491a6d,9d1ba230cbe0dfb410b0beba102eff20e14793a1,pkg:maven/org.apache.tomcat.embed/tomcat-embed-core@10.1.11,"cpe:2.3:a:apache:tomcat:10.1.11:*:*:*:*:*:*:*, cpe:2.3:a:apache_tomcat:apache_tomcat:10.1.11:*:*:*:*:*:*:*",CVE-2024-56337,CWE-367 Time-of-check Time-of-use (TOCTOU) Race Condition,"Time-of-check Time-of-use (TOCTOU) Race Condition vulnerability in Apache Tomcat.  This issue affects Apache Tomcat: from 11.0.0-M1 through 11.0.1, from 10.1.0-M1 through 10.1.33, from 9.0.0.M1 through 9.0.97. The following versions were EOL at the time the CVE was created but are  known to be affected: 8.5.0 though 8.5.100. Other, older, EOL versions  may also be affected.   The mitigation for CVE-2024-50379 was incomplete.  Users running Tomcat on a case insensitive file system with the default servlet write enabled (readonly initialisation  parameter set to the non-default value of false) may need additional configuration to fully mitigate CVE-2024-50379 depending on which version of Java they are using with Tomcat: - running on Java 8 or Java 11: the system property sun.io.useCanonCaches must be explicitly set to false (it defaults to true) - running on Java 17: the system property sun.io.useCanonCaches, if set, must be set to false (it defaults to false) - running on Java 21 onwards: no further configuration is required (the system property and the problematic cache have been removed)  Tomcat 11.0.3, 10.1.35 and 9.0.99 onwards will include checks that sun.io.useCanonCaches is set appropriately before allowing the default servlet to be write enabled on a case insensitive file system. Tomcat will also set sun.io.useCanonCaches to false by default where it can.",NVD,"","","",CRITICAL,9.8,CVSS:3.1/AV:N/AC:L/PR:N/UI:N/S:U/C:H/I:H/A:H/E:3.9/RC:R/MAV:A,"","","",HIGH,63,"","","","","","","",""
customer-service,"Fri, 26 Dec 2025 14:11:08 +0100",tomcat-embed-core-10.1.11.jar,/home/srozange/.m2/repository/org/apache/tomcat/embed/tomcat-embed-core/10.1.11/tomcat-embed-core-10.1.11.jar,Core Tomcat implementation,"Apache License, Version 2.0: http://www.apache.org/licenses/LICENSE-2.0.txt",08479066cdc202b764405b21e5491a6d,9d1ba230cbe0dfb410b0beba102eff20e14793a1,pkg:maven/org.apache.tomcat.embed/tomcat-embed-core@10.1.11,"cpe:2.3:a:apache:tomcat:10.1.11:*:*:*:*:*:*:*, cpe:2.3:a:apache_tomcat:apache_tomcat:10.1.11:*:*:*:*:*:*:*",CVE-2025-24813,"CWE-44 Path Equivalence: 'file.name' (Internal Dot), CWE-502 Deserialization of Untrusted Data, CWE-706 Use of Incorrectly-Resolved Name or Reference","Path Equivalence: 'file.Name' (Internal Dot) leading to Remote Code Execution and/or Information disclosure and/or malicious content added to uploaded files via write enabled Default Servlet in Apache Tomcat.  This issue affects Apache Tomcat: from 11.0.0-M1 through 11.0.2, from 10.1.0-M1 through 10.1.34, from 9.0.0.M1 through 9.0.98. The following versions were EOL at the time the CVE was created but are  known to be affected: 8.5.0 though 8.5.100. Other, older, EOL versions  may also be affected.   If all of the following were true, a malicious user was able to view       security sensitive files and/or inject content into those files: - writes enabled for the default servlet (disabled by default) - support for partial PUT (enabled by default) - a target URL for security sensitive uploads that was a sub-directory of a target URL for public uploads - attacker knowledge of the names of security sensitive files being uploaded - the security sensitive files also being uploaded via partial PUT  If all of the following were true, a malicious user was able to       perform remote code execution: - writes enabled for the default servlet (disabled by default) - support for partial PUT (enabled by default) - application was using Tomcat's file based session persistence with the default storage location - application included a library that may be leveraged in a deserialization attack  Users are recommended to upgrade to version 11.0.3, 10.1.35 or 9.0.99, which fixes the issue.",NVD,"","","",CRITICAL,9.8,CVSS:3.1/AV:N/AC:L/PR:N/UI:N/S:U/C:H/I:H/A:H/E:3.9/RC:R/MAV:A,"","","",HIGH,63,Apache,Tomcat,Apache Tomcat Path Equivalence Vulnerability,2025-04-01,"Apache Tomcat contains a path equivalence vulnerability that allows a remote attacker to execute code, disclose information, or inject malicious content via a partial PUT request.","Apply mitigations per vendor instructions, follow applicable BOD 22-01 guidance for cloud services, or discontinue use of the product if mitigations are unavailable.",2025-04-22,"This vulnerability affects a common open-source component, third-party library, or a protocol used by different products. Please check with specific vendors for information on patching status. For more information, please see: https://lists.apache.org/thread/j5fkjv2k477os90nczf2v9l61fb0kkgq ; https://nvd.nist.gov/vuln/detail/CVE-2025-24813"
customer-service,"Fri, 26 Dec 2025 14:11:08 +0100",tomcat-embed-core-10.1.11.jar,/home/srozange/.m2/repository/org/apache/tomcat/embed/tomcat-embed-core/10.1.11/tomcat-embed-core-10.1.11.jar,Core Tomcat implementation,"Apache License, Version 2.0: http://www.apache.org/licenses/LICENSE-2.0.txt",08479066cdc202b764405b21e5491a6d,9d1ba230cbe0dfb410b0beba102eff20e14793a1,pkg:maven/org.apache.tomcat.embed/tomcat-embed-core@10.1.11,"cpe:2.3:a:apache:tomcat:10.1.11:*:*:*:*:*:*:*, cpe:2.3:a:apache_tomcat:apache_tomcat:10.1.11:*:*:*:*:*:*:*",CVE-2025-31651,CWE-116 Improper Encoding or Escaping of Output,"Improper Neutralization of Escape, Meta, or Control Sequences vulnerability in Apache Tomcat. For a subset of unlikely rewrite rule configurations, it was possible  for a specially crafted request to bypass some rewrite rules. If those  rewrite rules effectively enforced security constraints, those  constraints could be bypassed.  This issue affects Apache Tomcat: from 11.0.0-M1 through 11.0.5, from 10.1.0-M1 through 10.1.39, from 9.0.0.M1 through 9.0.102. The following versions were EOL at the time the CVE was created but are  known to be affected: 8.5.0 though 8.5.100. Other, older, EOL versions  may also be affected.   Users are recommended to upgrade to version [FIXED_VERSION], which fixes the issue.",NVD,"","","",CRITICAL,9.8,CVSS:3.1/AV:N/AC:L/PR:N/UI:N/S:U/C:H/I:H/A:H/E:3.9/RC:R/MAV:A,"","","",HIGH,63,"","","","","","","",""
customer-service,"Fri, 26 Dec 2025 14:11:08 +0100",tomcat-embed-core-10.1.11.jar,/home/srozange/.m2/repository/org/apache/tomcat/embed/tomcat-embed-core/10.1.11/tomcat-embed-core-10.1.11.jar,Core Tomcat implementation,"Apache License, Version 2.0: http://www.apache.org/licenses/LICENSE-2.0.txt",08479066cdc202b764405b21e5491a6d,9d1ba230cbe0dfb410b0beba102eff20e14793a1,pkg:maven/org.apache.tomcat.embed/tomcat-embed-core@10.1.11,"cpe:2.3:a:apache:tomcat:10.1.11:*:*:*:*:*:*:*, cpe:2.3:a:apache_tomcat:apache_tomcat:10.1.11:*:*:*:*:*:*:*",CVE-2025-55754,"CWE-150 Improper Neutralization of Escape, Meta, or Control Sequences","Improper Neutralization of Escape, Meta, or Control Sequences vulnerability in Apache Tomcat.  Tomcat did not escape ANSI escape sequences in log messages. If Tomcat was running in a console on a Windows operating system, and the console supported ANSI escape sequences, it was possible for an attacker to use a specially crafted URL to inject ANSI escape sequences to manipulate the console and the clipboard and attempt to trick an administrator into running an attacker controlled command. While no attack vector was found, it may have been possible to mount this attack on other operating systems.    This issue affects Apache Tomcat: from 11.0.0-M1 through 11.0.10, from 10.1.0-M1 through 10.1.44, from 9.0.40 through 9.0.108.  The following versions were EOL at the time the CVE was created but are  known to be affected: 8.5.60 though 8.5.100. Other, older, EOL versions may also be affected. Users are recommended to upgrade to version 11.0.11 or later, 10.1.45 or later or 9.0.109 or later, which fix the issue.",NVD,"","","",CRITICAL,9.6,CVSS:3.1/AV:N/AC:L/PR:N/UI:R/S:C/C:H/I:H/A:H/E:2.8/RC:R/MAV:A,"","","",HIGH,63,"","","","","","","",""
customer-service,"Fri, 26 Dec 2025 14:11:08 +0100",tomcat-embed-core-10.1.11.jar,/home/srozange/.m2/repository/org/apache/tomcat/embed/tomcat-embed-core/10.1.11/tomcat-embed-core-10.1.11.jar,Core Tomcat implementation,"Apache License, Version 2.0: http://www.apache.org/licenses/LICENSE-2.0.txt",08479066cdc202b764405b21e5491a6d,9d1ba230cbe0dfb410b0beba102eff20e14793a1,pkg:maven/org.apache.tomcat.embed/tomcat-embed-core@10.1.11,"cpe:2.3:a:apache:tomcat:10.1.11:*:*:*:*:*:*:*, cpe:2.3:a:apache_tomcat:apache_tomcat:10.1.11:*:*:*:*:*:*:*",CVE-2025-49124,CWE-426 Untrusted Search Path,"Untrusted Search Path vulnerability in Apache Tomcat installer for Windows. During installation, the Tomcat installer for Windows used icacls.exe without specifying a full path.  This issue affects Apache Tomcat: from 11.0.0-M1 through 11.0.7, from 10.1.0 through 10.1.41, from 9.0.23 through 9.0.105. The following versions were EOL at the time the CVE was created but are  known to be affected: 8.5.0 through 8.5.100 and 7.0.95 through 7.0.109. Other EOL versions may also be affected.   Users are recommended to upgrade to version 11.0.8, 10.1.42 or 9.0.106, which fix the issue.",NVD,"","","",HIGH,8.4,CVSS:3.1/AV:L/AC:L/PR:N/UI:N/S:U/C:H/I:H/A:H/E:2.5/RC:R/MAV:A,"","","",HIGH,63,"","","","","","","",""
customer-service,"Fri, 26 Dec 2025 14:11:08 +0100",tomcat-embed-core-10.1.11.jar,/home/srozange/.m2/repository/org/apache/tomcat/embed/tomcat-embed-core/10.1.11/tomcat-embed-core-10.1.11.jar,Core Tomcat implementation,"Apache License, Version 2.0: http://www.apache.org/licenses/LICENSE-2.0.txt",08479066cdc202b764405b21e5491a6d,9d1ba230cbe0dfb410b0beba102eff20e14793a1,pkg:maven/org.apache.tomcat.embed/tomcat-embed-core@10.1.11,"cpe:2.3:a:apache:tomcat:10.1.11:*:*:*:*:*:*:*, cpe:2.3:a:apache_tomcat:apache_tomcat:10.1.11:*:*:*:*:*:*:*",CVE-2023-44487,"CWE-400 Uncontrolled Resource Consumption, NVD-CWE-noinfo","The HTTP/2 protocol allows a denial of service (server resource consumption) because request cancellation can reset many streams quickly, as exploited in the wild in August through October 2023.",NVD,"","","",HIGH,7.5,CVSS:3.1/AV:N/AC:L/PR:N/UI:N/S:U/C:N/I:N/A:H/E:3.9/RC:R/MAV:A,"","","",HIGH,63,IETF,HTTP/2,HTTP/2 Rapid Reset Attack Vulnerability,2023-10-10,HTTP/2 contains a rapid reset vulnerability that allows for a distributed denial-of-service attack (DDoS).,"Apply mitigations per vendor instructions, follow applicable BOD 22-01 guidance for cloud services, or discontinue use of the product if mitigations are unavailable.",2023-10-31,"This vulnerability affects a common open-source component, third-party library, or protocol used by different products. For more information, please see: HTTP/2 Rapid Reset Vulnerability, CVE-2023-44487 | CISA: https://www.cisa.gov/news-events/alerts/2023/10/10/http2-rapid-reset-vulnerability-cve-2023-44487; https://blog.cloudflare.com/technical-breakdown-http2-rapid-reset-ddos-attack/;  https://nvd.nist.gov/vuln/detail/CVE-2023-44487"
customer-service,"Fri, 26 Dec 2025 14:11:08 +0100",tomcat-embed-core-10.1.11.jar,/home/srozange/.m2/repository/org/apache/tomcat/embed/tomcat-embed-core/10.1.11/tomcat-embed-core-10.1.11.jar,Core Tomcat implementation,"Apache License, Version 2.0: http://www.apache.org/licenses/LICENSE-2.0.txt",08479066cdc202b764405b21e5491a6d,9d1ba230cbe0dfb410b0beba102eff20e14793a1,pkg:maven/org.apache.tomcat.embed/tomcat-embed-core@10.1.11,"cpe:2.3:a:apache:tomcat:10.1.11:*:*:*:*:*:*:*, cpe:2.3:a:apache_tomcat:apache_tomcat:10.1.11:*:*:*:*:*:*:*",CVE-2023-46589,CWE-444 Inconsistent Interpretation of HTTP Requests ('HTTP Request/Response Smuggling'),"Improper Input Validation vulnerability in Apache Tomcat.Tomcat from 11.0.0-M1 through 11.0.0-M10, from 10.1.0-M1 through 10.1.15, from 9.0.0-M1 through 9.0.82 and from 8.5.0 through 8.5.95 did not correctly parse HTTP trailer headers. A trailer header that exceeded the header size limit could cause Tomcat to treat a single  request as multiple requests leading to the possibility of request  smuggling when behind a reverse proxy.   Older, EOL versions may also be affected.   Users are recommended to upgrade to version 11.0.0-M11 onwards, 10.1.16 onwards, 9.0.83 onwards or 8.5.96 onwards, which fix the issue.",NVD,"","","",HIGH,7.5,CVSS:3.1/AV:N/AC:L/PR:N/UI:N/S:U/C:N/I:H/A:N/E:3.9/RC:R/MAV:A,"","","",HIGH,63,"","","","","","","",""
customer-service,"Fri, 26 Dec 2025 14:11:08 +0100",tomcat-embed-core-10.1.11.jar,/home/srozange/.m2/repository/org/apache/tomcat/embed/tomcat-embed-core/10.1.11/tomcat-embed-core-10.1.11.jar,Core Tomcat implementation,"Apache License, Version 2.0: http://www.apache.org/licenses/LICENSE-2.0.txt",08479066cdc202b764405b21e5491a6d,9d1ba230cbe0dfb410b0beba102eff20e14793a1,pkg:maven/org.apache.tomcat.embed/tomcat-embed-core@10.1.11,"cpe:2.3:a:apache:tomcat:10.1.11:*:*:*:*:*:*:*, cpe:2.3:a:apache_tomcat:apache_tomcat:10.1.11:*:*:*:*:*:*:*",CVE-2024-24549,"CWE-20 Improper Input Validation, NVD-CWE-noinfo","Denial of Service due to improper input validation vulnerability for HTTP/2 requests in Apache Tomcat. When processing an HTTP/2 request, if the request exceeded any of the configured limits for headers, the associated HTTP/2 stream was not reset until after all of the headers had been processed.This issue affects Apache Tomcat: from 11.0.0-M1 through 11.0.0-M16, from 10.1.0-M1 through 10.1.18, from 9.0.0-M1 through 9.0.85, from 8.5.0 through 8.5.98. Other, older, EOL versions may also be affected.  Users are recommended to upgrade to version 11.0.0-M17, 10.1.19, 9.0.86 or 8.5.99 which fix the issue.",NVD,"","","",HIGH,7.5,CVSS:3.1/AV:N/AC:L/PR:N/UI:N/S:U/C:N/I:N/A:H/E:3.9/RC:R/MAV:A,"","","",HIGH,63,"","","","","","","",""
customer-service,"Fri, 26 Dec 2025 14:11:08 +0100",tomcat-embed-core-10.1.11.jar,/home/srozange/.m2/repository/org/apache/tomcat/embed/tomcat-embed-core/10.1.11/tomcat-embed-core-10.1.11.jar,Core Tomcat implementation,"Apache License, Version 2.0: http://www.apache.org/licenses/LICENSE-2.0.txt",08479066cdc202b764405b21e5491a6d,9d1ba230cbe0dfb410b0beba102eff20e14793a1,pkg:maven/org.apache.tomcat.embed/tomcat-embed-core@10.1.11,"cpe:2.3:a:apache:tomcat:10.1.11:*:*:*:*:*:*:*, cpe:2.3:a:apache_tomcat:apache_tomcat:10.1.11:*:*:*:*:*:*:*",CVE-2024-34750,"CWE-400 Uncontrolled Resource Consumption, CWE-755 Improper Handling of Exceptional Conditions","Improper Handling of Exceptional Conditions, Uncontrolled Resource Consumption vulnerability in Apache Tomcat. When processing an HTTP/2 stream, Tomcat did not handle some cases of excessive HTTP headers correctly. This led to a miscounting of active HTTP/2 streams which in turn led to the use of an incorrect infinite timeout which allowed connections to remain open which should have been closed.  This issue affects Apache Tomcat: from 11.0.0-M1 through 11.0.0-M20, from 10.1.0-M1 through 10.1.24, from 9.0.0-M1 through 9.0.89.  The following versions were EOL at the time the CVE was created but are  known to be affected: 8.5.0 though 8.5.100. Other EOL versions may also be affected.   Users are recommended to upgrade to version 11.0.0-M21, 10.1.25 or 9.0.90, which fixes the issue.",NVD,"","","",HIGH,7.5,CVSS:3.1/AV:N/AC:L/PR:N/UI:N/S:U/C:N/I:N/A:H/E:3.9/RC:R/MAV:A,"","","",HIGH,63,"","","","","","","",""
customer-service,"Fri, 26 Dec 2025 14:11:08 +0100",tomcat-embed-core-10.1.11.jar,/home/srozange/.m2/repository/org/apache/tomcat/embed/tomcat-embed-core/10.1.11/tomcat-embed-core-10.1.11.jar,Core Tomcat implementation,"Apache License, Version 2.0: http://www.apache.org/licenses/LICENSE-2.0.txt",08479066cdc202b764405b21e5491a6d,9d1ba230cbe0dfb410b0beba102eff20e14793a1,pkg:maven/org.apache.tomcat.embed/tomcat-embed-core@10.1.11,"cpe:2.3:a:apache:tomcat:10.1.11:*:*:*:*:*:*:*, cpe:2.3:a:apache_tomcat:apache_tomcat:10.1.11:*:*:*:*:*:*:*",CVE-2024-38286,CWE-770 Allocation of Resources Without Limits or Throttling,"Allocation of Resources Without Limits or Throttling vulnerability in Apache Tomcat.  This issue affects Apache Tomcat: from 11.0.0-M1 through 11.0.0-M20, from 10.1.0-M1 through 10.1.24, from 9.0.13 through 9.0.89.   The following versions were EOL at the time the CVE was created but are  known to be affected: 8.5.35 through 8.5.100 and 7.0.92 through 7.0.109. Other EOL versions may also be affected.   Users are recommended to upgrade to version 11.0.0-M21, 10.1.25, or 9.0.90, which fixes the issue.    Apache Tomcat, under certain configurations on any platform, allows an attacker to cause an OutOfMemoryError by abusing the TLS handshake process.",NVD,"","","",HIGH,7.5,CVSS:3.1/AV:N/AC:L/PR:N/UI:N/S:U/C:N/I:N/A:H/E:3.9/RC:R/MAV:A,"","","",HIGH,63,"","","","","","","",""
customer-service,"Fri, 26 Dec 2025 14:11:08 +0100",tomcat-embed-core-10.1.11.jar,/home/srozange/.m2/repository/org/apache/tomcat/embed/tomcat-embed-core/10.1.11/tomcat-embed-core-10.1.11.jar,Core Tomcat implementation,"Apache License, Version 2.0: http://www.apache.org/licenses/LICENSE-2.0.txt",08479066cdc202b764405b21e5491a6d,9d1ba230cbe0dfb410b0beba102eff20e14793a1,pkg:maven/org.apache.tomcat.embed/tomcat-embed-core@10.1.11,"cpe:2.3:a:apache:tomcat:10.1.11:*:*:*:*:*:*:*, cpe:2.3:a:apache_tomcat:apache_tomcat:10.1.11:*:*:*:*:*:*:*",CVE-2025-31650,CWE-459 Incomplete Cleanup,"Improper Input Validation vulnerability in Apache Tomcat. Incorrect error handling for some invalid HTTP priority headers resulted in incomplete clean-up of the failed request which created a memory leak. A large number of such requests could trigger an OutOfMemoryException resulting in a denial of service.  This issue affects Apache Tomcat: from 9.0.76 through 9.0.102, from 10.1.10 through 10.1.39, from 11.0.0-M2 through 11.0.5. The following versions were EOL at the time the CVE was created but are  known to be affected: 8.5.90 though 8.5.100.   Users are recommended to upgrade to version 9.0.104, 10.1.40 or 11.0.6 which fix the issue.",NVD,"","","",HIGH,7.5,CVSS:3.1/AV:N/AC:L/PR:N/UI:N/S:U/C:N/I:N/A:H/E:3.9/RC:R/MAV:A,"","","",HIGH,63,"","","","","","","",""
customer-service,"Fri, 26 Dec 2025 14:11:08 +0100",tomcat-embed-core-10.1.11.jar,/home/srozange/.m2/repository/org/apache/tomcat/embed/tomcat-embed-core/10.1.11/tomcat-embed-core-10.1.11.jar,Core Tomcat implementation,"Apache License, Version 2.0: http://www.apache.org/licenses/LICENSE-2.0.txt",08479066cdc202b764405b21e5491a6d,9d1ba230cbe0dfb410b0beba102eff20e14793a1,pkg:maven/org.apache.tomcat.embed/tomcat-embed-core@10.1.11,"cpe:2.3:a:apache:tomcat:10.1.11:*:*:*:*:*:*:*, cpe:2.3:a:apache_tomcat:apache_tomcat:10.1.11:*:*:*:*:*:*:*",CVE-2025-48988,CWE-770 Allocation of Resources Without Limits or Throttling,"Allocation of Resources Without Limits or Throttling vulnerability in Apache Tomcat.  This issue affects Apache Tomcat: from 11.0.0-M1 through 11.0.7, from 10.1.0-M1 through 10.1.41, from 9.0.0.M1 through 9.0.105. The following versions were EOL at the time the CVE was created but are  known to be affected: 8.5.0 though 8.5.100. Other, older, EOL versions  may also be affected.   Users are recommended to upgrade to version 11.0.8, 10.1.42 or 9.0.106, which fix the issue.",NVD,"","","",HIGH,7.5,CVSS:3.1/AV:N/AC:L/PR:N/UI:N/S:U/C:N/I:N/A:H/E:3.9/RC:R/MAV:A,"","","",HIGH,63,"","","","","","","",""
customer-service,"Fri, 26 Dec 2025 14:11:08 +0100",tomcat-embed-core-10.1.11.jar,/home/srozange/.m2/repository/org/apache/tomcat/embed/tomcat-embed-core/10.1.11/tomcat-embed-core-10.1.11.jar,Core Tomcat implementation,"Apache License, Version 2.0: http://www.apache.org/licenses/LICENSE-2.0.txt",08479066cdc202b764405b21e5491a6d,9d1ba230cbe0dfb410b0beba102eff20e14793a1,pkg:maven/org.apache.tomcat.embed/tomcat-embed-core@10.1.11,"cpe:2.3:a:apache:tomcat:10.1.11:*:*:*:*:*:*:*, cpe:2.3:a:apache_tomcat:apache_tomcat:10.1.11:*:*:*:*:*:*:*",CVE-2025-48989,CWE-404 Improper Resource Shutdown or Release,"Improper Resource Shutdown or Release vulnerability in Apache Tomcat made Tomcat vulnerable to the made you reset attack.  This issue affects Apache Tomcat: from 11.0.0-M1 through 11.0.9, from 10.1.0-M1 through 10.1.43 and from 9.0.0.M1 through 9.0.107. Older, EOL versions may also be affected.  Users are recommended to upgrade to one of versions 11.0.10, 10.1.44 or 9.0.108 which fix the issue.",NVD,"","","",HIGH,7.5,CVSS:3.1/AV:N/AC:L/PR:N/UI:N/S:U/C:N/I:N/A:H/E:3.9/RC:R/MAV:A,"","","",HIGH,63,"","","","","","","",""
customer-service,"Fri, 26 Dec 2025 14:11:08 +0100",tomcat-embed-core-10.1.11.jar,/home/srozange/.m2/repository/org/apache/tomcat/embed/tomcat-embed-core/10.1.11/tomcat-embed-core-10.1.11.jar,Core Tomcat implementation,"Apache License, Version 2.0: http://www.apache.org/licenses/LICENSE-2.0.txt",08479066cdc202b764405b21e5491a6d,9d1ba230cbe0dfb410b0beba102eff20e14793a1,pkg:maven/org.apache.tomcat.embed/tomcat-embed-core@10.1.11,"cpe:2.3:a:apache:tomcat:10.1.11:*:*:*:*:*:*:*, cpe:2.3:a:apache_tomcat:apache_tomcat:10.1.11:*:*:*:*:*:*:*",CVE-2025-49125,CWE-288 Authentication Bypass Using an Alternate Path or Channel,"Authentication Bypass Using an Alternate Path or Channel vulnerability in Apache Tomcat.  When using PreResources or PostResources mounted other than at the root of the web application, it was possible to access those resources via an unexpected path. That path was likely not to be protected by the same security constraints as the expected path, allowing those security constraints to be bypassed.  This issue affects Apache Tomcat: from 11.0.0-M1 through 11.0.7, from 10.1.0-M1 through 10.1.41, from 9.0.0.M1 through 9.0.105. The following versions were EOL at the time the CVE was created but are  known to be affected: 8.5.0 through 8.5.100. Other, older, EOL versions  may also be affected.   Users are recommended to upgrade to version 11.0.8, 10.1.42 or 9.0.106, which fix the issue.",NVD,"","","",HIGH,7.5,CVSS:3.1/AV:N/AC:L/PR:N/UI:N/S:U/C:H/I:N/A:N/E:3.9/RC:R/MAV:A,"","","",HIGH,63,"","","","","","","",""
customer-service,"Fri, 26 Dec 2025 14:11:08 +0100",tomcat-embed-core-10.1.11.jar,/home/srozange/.m2/repository/org/apache/tomcat/embed/tomcat-embed-core/10.1.11/tomcat-embed-core-10.1.11.jar,Core Tomcat implementation,"Apache License, Version 2.0: http://www.apache.org/licenses/LICENSE-2.0.txt",08479066cdc202b764405b21e5491a6d,9d1ba230cbe0dfb410b0beba102eff20e14793a1,pkg:maven/org.apache.tomcat.embed/tomcat-embed-core@10.1.11,"cpe:2.3:a:apache:tomcat:10.1.11:*:*:*:*:*:*:*, cpe:2.3:a:apache_tomcat:apache_tomcat:10.1.11:*:*:*:*:*:*:*",CVE-2025-52520,CWE-190 Integer Overflow or Wraparound,"For some unlikely configurations of multipart upload, an Integer Overflow vulnerability in Apache Tomcat could lead to a DoS via bypassing of size limits.  This issue affects Apache Tomcat: from 11.0.0-M1 through 11.0.8, from 10.1.0-M1 through 10.1.42, from 9.0.0.M1 through 9.0.106. The following versions were EOL at the time the CVE was created but are  known to be affected: 8.5.0 through 8.5.100. Other, older, EOL versions  may also be affected.   Users are recommended to upgrade to version 11.0.9, 10.1.43 or 9.0.107, which fix the issue.",NVD,"","","",HIGH,7.5,CVSS:3.1/AV:N/AC:L/PR:N/UI:N/S:U/C:N/I:N/A:H/E:3.9/RC:R/MAV:A,"","","",HIGH,63,"","","","","","","",""
customer-service,"Fri, 26 Dec 2025 14:11:08 +0100",tomcat-embed-core-10.1.11.jar,/home/srozange/.m2/repository/org/apache/tomcat/embed/tomcat-embed-core/10.1.11/tomcat-embed-core-10.1.11.jar,Core Tomcat implementation,"Apache License, Version 2.0: http://www.apache.org/licenses/LICENSE-2.0.txt",08479066cdc202b764405b21e5491a6d,9d1ba230cbe0dfb410b0beba102eff20e14793a1,pkg:maven/org.apache.tomcat.embed/tomcat-embed-core@10.1.11,"cpe:2.3:a:apache:tomcat:10.1.11:*:*:*:*:*:*:*, cpe:2.3:a:apache_tomcat:apache_tomcat:10.1.11:*:*:*:*:*:*:*",CVE-2025-53506,CWE-400 Uncontrolled Resource Consumption,"Uncontrolled Resource Consumption vulnerability in Apache Tomcat if an HTTP/2 client did not acknowledge the initial settings frame that reduces the maximum permitted concurrent streams.  This issue affects Apache Tomcat: from 11.0.0-M1 through 11.0.8, from 10.1.0-M1 through 10.1.42, from 9.0.0.M1 through 9.0.106. The following versions were EOL at the time the CVE was created but are  known to be affected: 8.5.0 through 8.5.100. Other EOL versions may also be affected.   Users are recommended to upgrade to version 11.0.9, 10.1.43 or 9.0.107, which fix the issue.",NVD,"","","",HIGH,7.5,CVSS:3.1/AV:N/AC:L/PR:N/UI:N/S:U/C:N/I:N/A:H/E:3.9/RC:R/MAV:A,"","","",HIGH,63,"","","","","","","",""
customer-service,"Fri, 26 Dec 2025 14:11:08 +0100",tomcat-embed-core-10.1.11.jar,/home/srozange/.m2/repository/org/apache/tomcat/embed/tomcat-embed-core/10.1.11/tomcat-embed-core-10.1.11.jar,Core Tomcat implementation,"Apache License, Version 2.0: http://www.apache.org/licenses/LICENSE-2.0.txt",08479066cdc202b764405b21e5491a6d,9d1ba230cbe0dfb410b0beba102eff20e14793a1,pkg:maven/org.apache.tomcat.embed/tomcat-embed-core@10.1.11,"cpe:2.3:a:apache:tomcat:10.1.11:*:*:*:*:*:*:*, cpe:2.3:a:apache_tomcat:apache_tomcat:10.1.11:*:*:*:*:*:*:*",CVE-2025-55752,CWE-23 Relative Path Traversal,"Relative Path Traversal vulnerability in Apache Tomcat.  The fix for bug 60013 introduced a regression where the       rewritten URL was normalized before it was decoded. This introduced the       possibility that, for rewrite rules that rewrite query parameters to the       URL, an attacker could manipulate the request URI to bypass security       constraints including the protection for /WEB-INF/ and /META-INF/. If PUT requests were also enabled then malicious files could be uploaded leading to remote code execution. PUT requests are normally limited to trusted users and it is considered unlikely that PUT requests would be enabled in conjunction with a rewrite that manipulated the URI.    This issue affects Apache Tomcat: from 11.0.0-M1 through 11.0.10, from 10.1.0-M1 through 10.1.44, from 9.0.0.M11 through 9.0.108.  The following versions were EOL at the time the CVE was created but are  known to be affected: 8.5.6 though 8.5.100. Other, older, EOL versions may also be affected. Users are recommended to upgrade to version 11.0.11 or later, 10.1.45 or later or 9.0.109 or later, which fix the issue.",NVD,"","","",HIGH,7.5,CVSS:3.1/AV:N/AC:H/PR:L/UI:N/S:U/C:H/I:H/A:H/E:1.6/RC:R/MAV:A,"","","",HIGH,63,"","","","","","","",""
customer-service,"Fri, 26 Dec 2025 14:11:08 +0100",tomcat-embed-core-10.1.11.jar,/home/srozange/.m2/repository/org/apache/tomcat/embed/tomcat-embed-core/10.1.11/tomcat-embed-core-10.1.11.jar,Core Tomcat implementation,"Apache License, Version 2.0: http://www.apache.org/licenses/LICENSE-2.0.txt",08479066cdc202b764405b21e5491a6d,9d1ba230cbe0dfb410b0beba102eff20e14793a1,pkg:maven/org.apache.tomcat.embed/tomcat-embed-core@10.1.11,"cpe:2.3:a:apache:tomcat:10.1.11:*:*:*:*:*:*:*, cpe:2.3:a:apache_tomcat:apache_tomcat:10.1.11:*:*:*:*:*:*:*",CVE-2025-46701,CWE-178 Improper Handling of Case Sensitivity,"Improper Handling of Case Sensitivity vulnerability in Apache Tomcat's GCI servlet allows security constraint bypass of security constraints that apply to the pathInfo component of a URI mapped to the CGI servlet.  This issue affects Apache Tomcat: from 11.0.0-M1 through 11.0.6, from 10.1.0-M1 through 10.1.40, from 9.0.0.M1 through 9.0.104. The following versions were EOL at the time the CVE was created but are  known to be affected: 8.5.0 though 8.5.100. Other, older, EOL versions  may also be affected.   Users are recommended to upgrade to version 11.0.7, 10.1.41 or 9.0.105, which fixes the issue.",NVD,"","","",HIGH,7.3,CVSS:3.1/AV:N/AC:L/PR:N/UI:N/S:U/C:L/I:L/A:L/E:3.9/RC:R/MAV:A,"","","",HIGH,63,"","","","","","","",""
customer-service,"Fri, 26 Dec 2025 14:11:08 +0100",tomcat-embed-core-10.1.11.jar,/home/srozange/.m2/repository/org/apache/tomcat/embed/tomcat-embed-core/10.1.11/tomcat-embed-core-10.1.11.jar,Core Tomcat implementation,"Apache License, Version 2.0: http://www.apache.org/licenses/LICENSE-2.0.txt",08479066cdc202b764405b21e5491a6d,9d1ba230cbe0dfb410b0beba102eff20e14793a1,pkg:maven/org.apache.tomcat.embed/tomcat-embed-core@10.1.11,"cpe:2.3:a:apache:tomcat:10.1.11:*:*:*:*:*:*:*, cpe:2.3:a:apache_tomcat:apache_tomcat:10.1.11:*:*:*:*:*:*:*",CVE-2025-55668,CWE-384 Session Fixation,"Session Fixation vulnerability in Apache Tomcat via rewrite valve.  This issue affects Apache Tomcat: from 11.0.0-M1 through 11.0.7, from 10.1.0-M1 through 10.1.41, from 9.0.0.M1 through 9.0.105. Older, EOL versions may also be affected.  Users are recommended to upgrade to version 11.0.8, 10.1.42 or 9.0.106, which fix the issue.",NVD,"","","",MEDIUM,6.5,CVSS:3.1/AV:N/AC:L/PR:N/UI:R/S:U/C:H/I:N/A:N/E:2.8/RC:R/MAV:A,"","","",HIGH,63,"","","","","","","",""
customer-service,"Fri, 26 Dec 2025 14:11:08 +0100",tomcat-embed-core-10.1.11.jar,/home/srozange/.m2/repository/org/apache/tomcat/embed/tomcat-embed-core/10.1.11/tomcat-embed-core-10.1.11.jar,Core Tomcat implementation,"Apache License, Version 2.0: http://www.apache.org/licenses/LICENSE-2.0.txt",08479066cdc202b764405b21e5491a6d,9d1ba230cbe0dfb410b0beba102eff20e14793a1,pkg:maven/org.apache.tomcat.embed/tomcat-embed-core@10.1.11,"cpe:2.3:a:apache:tomcat:10.1.11:*:*:*:*:*:*:*, cpe:2.3:a:apache_tomcat:apache_tomcat:10.1.11:*:*:*:*:*:*:*",CVE-2024-23672,CWE-459 Incomplete Cleanup,"Denial of Service via incomplete cleanup vulnerability in Apache Tomcat. It was possible for WebSocket clients to keep WebSocket connections open leading to increased resource consumption.This issue affects Apache Tomcat: from 11.0.0-M1 through 11.0.0-M16, from 10.1.0-M1 through 10.1.18, from 9.0.0-M1 through 9.0.85, from 8.5.0 through 8.5.98.  Older, EOL versions may also be affected.   Users are recommended to upgrade to version 11.0.0-M17, 10.1.19, 9.0.86 or 8.5.99 which fix the issue.",NVD,"","","",MEDIUM,6.3,CVSS:3.1/AV:N/AC:L/PR:L/UI:N/S:U/C:L/I:L/A:L/E:2.8/RC:R/MAV:A,"","","",HIGH,63,"","","","","","","",""
customer-service,"Fri, 26 Dec 2025 14:11:08 +0100",tomcat-embed-core-10.1.11.jar,/home/srozange/.m2/repository/org/apache/tomcat/embed/tomcat-embed-core/10.1.11/tomcat-embed-core-10.1.11.jar,Core Tomcat implementation,"Apache License, Version 2.0: http://www.apache.org/licenses/LICENSE-2.0.txt",08479066cdc202b764405b21e5491a6d,9d1ba230cbe0dfb410b0beba102eff20e14793a1,pkg:maven/org.apache.tomcat.embed/tomcat-embed-core@10.1.11,"cpe:2.3:a:apache:tomcat:10.1.11:*:*:*:*:*:*:*, cpe:2.3:a:apache_tomcat:apache_tomcat:10.1.11:*:*:*:*:*:*:*",CVE-2023-41080,CWE-601 URL Redirection to Untrusted Site ('Open Redirect'),"URL Redirection to Untrusted Site ('Open Redirect') vulnerability in FORM authentication feature Apache Tomcat.This issue affects Apache Tomcat: from 11.0.0-M1 through 11.0.0-M10, from 10.1.0-M1 through 10.0.12, from 9.0.0-M1 through 9.0.79 and from 8.5.0 through 8.5.92. Older, EOL versions may also be affected.   The vulnerability is limited to the ROOT (default) web application.",NVD,"","","",MEDIUM,6.1,CVSS:3.1/AV:N/AC:L/PR:N/UI:R/S:C/C:L/I:L/A:N/E:2.8/RC:R/MAV:A,"","","",HIGH,63,"","","","","","","",""
customer-service,"Fri, 26 Dec 2025 14:11:08 +0100",tomcat-embed-core-10.1.11.jar,/home/srozange/.m2/repository/org/apache/tomcat/embed/tomcat-embed-core/10.1.11/tomcat-embed-core-10.1.11.jar,Core Tomcat implementation,"Apache License, Version 2.0: http://www.apache.org/licenses/LICENSE-2.0.txt",08479066cdc202b764405b21e5491a6d,9d1ba230cbe0dfb410b0beba102eff20e14793a1,pkg:maven/org.apache.tomcat.embed/tomcat-embed-core@10.1.11,"cpe:2.3:a:apache:tomcat:10.1.11:*:*:*:*:*:*:*, cpe:2.3:a:apache_tomcat:apache_tomcat:10.1.11:*:*:*:*:*:*:*",CVE-2023-42795,CWE-459 Incomplete Cleanup,"Incomplete Cleanup vulnerability in Apache Tomcat.When recycling various internal objects in Apache Tomcat from 11.0.0-M1 through 11.0.0-M11, from 10.1.0-M1 through 10.1.13, from 9.0.0-M1 through 9.0.80 and from 8.5.0 through 8.5.93, an error could  cause Tomcat to skip some parts of the recycling process leading to  information leaking from the current request/response to the next. Older, EOL versions may also be affected.   Users are recommended to upgrade to version 11.0.0-M12 onwards, 10.1.14 onwards, 9.0.81 onwards or 8.5.94 onwards, which fixes the issue.",NVD,"","","",MEDIUM,5.3,CVSS:3.1/AV:N/AC:L/PR:N/UI:N/S:U/C:L/I:N/A:N/E:3.9/RC:R/MAV:A,"","","",HIGH,63,"","","","","","","",""
customer-service,"Fri, 26 Dec 2025 14:11:08 +0100",tomcat-embed-core-10.1.11.jar,/home/srozange/.m2/repository/org/apache/tomcat/embed/tomcat-embed-core/10.1.11/tomcat-embed-core-10.1.11.jar,Core Tomcat implementation,"Apache License, Version 2.0: http://www.apache.org/licenses/LICENSE-2.0.txt",08479066cdc202b764405b21e5491a6d,9d1ba230cbe0dfb410b0beba102eff20e14793a1,pkg:maven/org.apache.tomcat.embed/tomcat-embed-core@10.1.11,"cpe:2.3:a:apache:tomcat:10.1.11:*:*:*:*:*:*:*, cpe:2.3:a:apache_tomcat:apache_tomcat:10.1.11:*:*:*:*:*:*:*",CVE-2023-45648,"CWE-20 Improper Input Validation, NVD-CWE-Other","Improper Input Validation vulnerability in Apache Tomcat.Tomcat from 11.0.0-M1 through 11.0.0-M11, from 10.1.0-M1 through 10.1.13, from 9.0.0-M1 through 9.0.81 and from 8.5.0 through 8.5.93 did not correctly parse HTTP trailer headers. A specially  crafted, invalid trailer header could cause Tomcat to treat a single  request as multiple requests leading to the possibility of request  smuggling when behind a reverse proxy.  Older, EOL versions may also be affected.   Users are recommended to upgrade to version 11.0.0-M12 onwards, 10.1.14 onwards, 9.0.81 onwards or 8.5.94 onwards, which fix the issue.",NVD,"","","",MEDIUM,5.3,CVSS:3.1/AV:N/AC:L/PR:N/UI:N/S:U/C:N/I:L/A:N/E:3.9/RC:R/MAV:A,"","","",HIGH,63,"","","","","","","",""
customer-service,"Fri, 26 Dec 2025 14:11:08 +0100",tomcat-embed-core-10.1.11.jar,/home/srozange/.m2/repository/org/apache/tomcat/embed/tomcat-embed-core/10.1.11/tomcat-embed-core-10.1.11.jar,Core Tomcat implementation,"Apache License, Version 2.0: http://www.apache.org/licenses/LICENSE-2.0.txt",08479066cdc202b764405b21e5491a6d,9d1ba230cbe0dfb410b0beba102eff20e14793a1,pkg:maven/org.apache.tomcat.embed/tomcat-embed-core@10.1.11,"cpe:2.3:a:apache:tomcat:10.1.11:*:*:*:*:*:*:*, cpe:2.3:a:apache_tomcat:apache_tomcat:10.1.11:*:*:*:*:*:*:*",CVE-2024-54677,CWE-400 Uncontrolled Resource Consumption,"Uncontrolled Resource Consumption vulnerability in the examples web application provided with Apache Tomcat leads to denial of service.  This issue affects Apache Tomcat: from 11.0.0-M1 through 11.0.1, from 10.1.0-M1 through 10.1.33, from 9.0.0.M1 through 9.9.97. The following versions were EOL at the time the CVE was created but are  known to be affected: 8.5.0 though 8.5.100. Other, older, EOL versions  may also be affected.   Users are recommended to upgrade to version 11.0.2, 10.1.34 or 9.0.98, which fixes the issue.",NVD,"","","",MEDIUM,5.3,CVSS:3.1/AV:N/AC:L/PR:N/UI:N/S:U/C:N/I:N/A:L/E:3.9/RC:R/MAV:A,"","","",HIGH,63,"","","","","","","",""
customer-service,"Fri, 26 Dec 2025 14:11:08 +0100",tomcat-embed-core-10.1.11.jar,/home/srozange/.m2/repository/org/apache/tomcat/embed/tomcat-embed-core/10.1.11/tomcat-embed-core-10.1.11.jar,Core Tomcat implementation,"Apache License, Version 2.0: http://www.apache.org/licenses/LICENSE-2.0.txt",08479066cdc202b764405b21e5491a6d,9d1ba230cbe0dfb410b0beba102eff20e14793a1,pkg:maven/org.apache.tomcat.embed/tomcat-embed-core@10.1.11,"cpe:2.3:a:apache:tomcat:10.1.11:*:*:*:*:*:*:*, cpe:2.3:a:apache_tomcat:apache_tomcat:10.1.11:*:*:*:*:*:*:*",CVE-2025-61795,CWE-404 Improper Resource Shutdown or Release,"Improper Resource Shutdown or Release vulnerability in Apache Tomcat.  If an error occurred (including exceeding limits) during the processing of a multipart upload, temporary copies of the uploaded parts written to disc were not cleaned up immediately but left for the garbage collection process to delete. Depending on JVM settings, application memory usage and application load, it was possible that space for the temporary copies of uploaded parts would be filled faster than GC cleared it, leading to a DoS.    This issue affects Apache Tomcat: from 11.0.0-M1 through 11.0.11, from 10.1.0-M1 through 10.1.46, from 9.0.0.M1 through 9.0.109.  The following versions were EOL at the time the CVE was created but are  known to be affected: 8.5.0 though 8.5.100. Other, older, EOL versions may also be affected. Users are recommended to upgrade to version 11.0.12 or later, 10.1.47 or later or 9.0.110 or later which fixes the issue.",NVD,"","","",MEDIUM,5.3,CVSS:3.1/AV:N/AC:H/PR:L/UI:N/S:U/C:N/I:N/A:H/E:1.6/RC:R/MAV:A,"","","",HIGH,63,"","","","","","","",""
